step,split_counties,split_munis,P1s,P2s,Ds
0,64,284,0.05918121770268947,0.672051271304227,0.5542929292929293
1,64,281,0.05918121770268947,0.672051271304227,0.5542929292929293
2,64,281,0.05918121770268947,0.672051271304227,0.5542929292929293
3,64,280,0.05918121770268947,0.672051271304227,0.5542929292929293
4,64,280,0.05918121770268947,0.672051271304227,0.5542929292929293
5,64,280,0.05918121770268947,0.672051271304227,0.5542929292929293
6,63,280,0.05918121770268947,0.672051271304227,0.5542929292929293
7,63,275,0.06296909649056825,0.6615708385828931,0.5580808080808081
8,63,275,0.06296909649056825,0.6615708385828931,0.5580808080808081
9,63,274,0.06296909649056825,0.6615708385828931,0.5580808080808081
10,63,274,0.061706470227941956,0.6514698284818831,0.5568181818181818
11,63,272,0.061706470227941956,0.6514698284818831,0.5568181818181818
12,63,272,0.061706470227941956,0.6514698284818831,0.5568181818181818
13,63,272,0.061706470227941956,0.6514698284818831,0.5568181818181818
14,63,271,0.061706470227941956,0.6514698284818831,0.5568181818181818
15,63,270,0.061706470227941956,0.6514698284818831,0.5568181818181818
16,63,270,0.061706470227941956,0.6514698284818831,0.5568181818181818
17,63,269,0.061706470227941956,0.6514698284818831,0.5568181818181818
18,63,268,0.05918121770268947,0.6110657880778425,0.5542929292929293
19,63,268,0.05791859144006317,0.6009647779768323,0.553030303030303
20,63,268,0.05791859144006317,0.6009647779768323,0.553030303030303
21,62,266,0.05791859144006317,0.6009647779768323,0.553030303030303
22,62,266,0.05791859144006317,0.6009647779768323,0.553030303030303
23,62,263,0.05791859144006317,0.6009647779768323,0.553030303030303
24,62,262,0.05791859144006317,0.6009647779768323,0.553030303030303
25,62,261,0.05791859144006317,0.6009647779768323,0.553030303030303
26,62,259,0.05791859144006317,0.581142180395136,0.553030303030303
27,62,258,0.05791859144006317,0.581142180395136,0.553030303030303
28,62,258,0.05791859144006317,0.581142180395136,0.553030303030303
29,62,258,0.05791859144006317,0.581142180395136,0.553030303030303
30,62,256,0.05791859144006317,0.581142180395136,0.553030303030303
31,62,256,0.05791859144006317,0.581142180395136,0.553030303030303
32,62,256,0.05791859144006317,0.581142180395136,0.553030303030303
33,62,256,0.05791859144006317,0.581142180395136,0.553030303030303
34,62,252,0.05791859144006317,0.581142180395136,0.553030303030303
35,62,252,0.05791859144006317,0.581142180395136,0.553030303030303
36,62,251,0.05791859144006317,0.581142180395136,0.553030303030303
37,62,251,0.05791859144006317,0.581142180395136,0.553030303030303
38,62,249,0.05791859144006317,0.581142180395136,0.553030303030303
39,62,248,0.05918121770268947,0.5710411702941259,0.5542929292929293
40,62,248,0.05918121770268947,0.5710411702941259,0.5542929292929293
41,61,247,0.05918121770268947,0.5710411702941259,0.5542929292929293
42,61,247,0.05918121770268947,0.5710411702941259,0.5542929292929293
43,61,246,0.05918121770268947,0.5710411702941259,0.5542929292929293
44,61,246,0.05918121770268947,0.5710411702941259,0.5542929292929293
45,61,245,0.05918121770268947,0.5710411702941259,0.5542929292929293
46,61,245,0.05791859144006317,0.5609401601931159,0.553030303030303
47,61,241,0.05791859144006317,0.5609401601931159,0.553030303030303
48,61,239,0.05791859144006317,0.5609401601931159,0.553030303030303
49,61,237,0.05791859144006317,0.5609401601931159,0.553030303030303
50,61,237,0.05791859144006317,0.5609401601931159,0.553030303030303
51,61,237,0.05791859144006317,0.5609401601931159,0.553030303030303
52,61,237,0.05791859144006317,0.5609401601931159,0.553030303030303
53,61,237,0.05791859144006317,0.5609401601931159,0.553030303030303
54,61,237,0.05791859144006317,0.5609401601931159,0.553030303030303
55,61,233,0.05791859144006317,0.5609401601931159,0.553030303030303
56,61,233,0.05791859144006317,0.5609401601931159,0.553030303030303
57,61,232,0.05791859144006317,0.5609401601931159,0.553030303030303
58,61,233,0.05791859144006317,0.5609401601931159,0.553030303030303
59,61,233,0.05791859144006317,0.5609401601931159,0.553030303030303
60,61,233,0.05791859144006317,0.5609401601931159,0.553030303030303
61,61,231,0.05791859144006317,0.5609401601931159,0.553030303030303
62,60,230,0.05791859144006317,0.5609401601931159,0.553030303030303
63,60,231,0.05791859144006317,0.5609401601931159,0.553030303030303
64,60,229,0.05791859144006317,0.5609401601931159,0.553030303030303
65,60,226,0.05413071265218439,0.5306371298900854,0.5492424242424242
66,60,226,0.05413071265218439,0.5306371298900854,0.5492424242424242
67,60,226,0.05413071265218439,0.5306371298900854,0.5492424242424242
68,60,226,0.05413071265218439,0.5306371298900854,0.5492424242424242
69,60,226,0.05413071265218439,0.5306371298900854,0.5492424242424242
70,60,226,0.05413071265218439,0.5306371298900854,0.5492424242424242
71,60,224,0.05413071265218439,0.5306371298900854,0.5492424242424242
72,60,223,0.05413071265218439,0.5306371298900854,0.5492424242424242
73,60,223,0.0516054601269319,0.5104351096880653,0.5467171717171717
74,60,223,0.0516054601269319,0.5104351096880653,0.5467171717171717
75,60,223,0.0516054601269319,0.5104351096880653,0.5467171717171717
76,60,223,0.0516054601269319,0.5104351096880653,0.5467171717171717
77,60,223,0.0516054601269319,0.5104351096880653,0.5467171717171717
78,60,223,0.0516054601269319,0.5104351096880653,0.5467171717171717
79,60,221,0.0516054601269319,0.5104351096880653,0.5467171717171717
80,60,220,0.0516054601269319,0.5104351096880653,0.5467171717171717
81,60,220,0.0516054601269319,0.5104351096880653,0.5467171717171717
82,60,219,0.0503428338643056,0.5205361197890754,0.5454545454545454
83,60,218,0.0503428338643056,0.5205361197890754,0.5454545454545454
84,60,216,0.0503428338643056,0.5205361197890754,0.5454545454545454
85,59,216,0.0503428338643056,0.5205361197890754,0.5454545454545454
86,59,216,0.0503428338643056,0.5205361197890754,0.5454545454545454
87,59,216,0.0503428338643056,0.5205361197890754,0.5454545454545454
88,59,214,0.0503428338643056,0.5205361197890754,0.5454545454545454
89,59,214,0.0503428338643056,0.5205361197890754,0.5454545454545454
90,59,214,0.0503428338643056,0.5205361197890754,0.5454545454545454
91,59,214,0.0503428338643056,0.5205361197890754,0.5454545454545454
92,59,214,0.0503428338643056,0.5205361197890754,0.5454545454545454
93,58,215,0.0503428338643056,0.5205361197890754,0.5454545454545454
94,58,214,0.0503428338643056,0.5205361197890754,0.5454545454545454
95,58,214,0.0503428338643056,0.5205361197890754,0.5454545454545454
96,58,214,0.0503428338643056,0.5205361197890754,0.5454545454545454
97,58,214,0.0503428338643056,0.5205361197890754,0.5454545454545454
98,58,213,0.0503428338643056,0.5205361197890754,0.5454545454545454
99,58,213,0.0503428338643056,0.5205361197890754,0.5454545454545454
100,58,213,0.0503428338643056,0.5205361197890754,0.5454545454545454
101,58,213,0.0503428338643056,0.5205361197890754,0.5454545454545454
102,58,210,0.0503428338643056,0.5205361197890754,0.5454545454545454
103,58,210,0.0503428338643056,0.5205361197890754,0.5454545454545454
104,57,210,0.0516054601269319,0.5104351096880653,0.5467171717171717
105,57,210,0.0516054601269319,0.5104351096880653,0.5467171717171717
106,57,211,0.0516054601269319,0.5104351096880653,0.5467171717171717
107,57,211,0.0516054601269319,0.5104351096880653,0.5467171717171717
108,57,209,0.0516054601269319,0.5104351096880653,0.5467171717171717
109,57,209,0.0516054601269319,0.5104351096880653,0.5467171717171717
110,56,206,0.0516054601269319,0.5104351096880653,0.5467171717171717
111,56,204,0.0516054601269319,0.5104351096880653,0.5467171717171717
112,56,204,0.0516054601269319,0.5104351096880653,0.5467171717171717
113,56,204,0.0516054601269319,0.5104351096880653,0.5467171717171717
114,56,204,0.0516054601269319,0.5104351096880653,0.5467171717171717
115,56,204,0.0516054601269319,0.5104351096880653,0.5467171717171717
116,56,201,0.0516054601269319,0.5104351096880653,0.5467171717171717
117,55,202,0.0516054601269319,0.5104351096880653,0.5467171717171717
118,54,201,0.0503428338643056,0.5003340995870551,0.5454545454545454
119,54,200,0.0503428338643056,0.5003340995870551,0.5454545454545454
120,53,199,0.0503428338643056,0.5003340995870551,0.5454545454545454
121,53,199,0.0503428338643056,0.5003340995870551,0.5454545454545454
122,53,199,0.0503428338643056,0.5003340995870551,0.5454545454545454
123,53,199,0.049080207601679415,0.5104351096880653,0.5441919191919192
124,53,199,0.049080207601679415,0.5104351096880653,0.5441919191919192
125,53,199,0.049080207601679415,0.5104351096880653,0.5441919191919192
126,53,198,0.049080207601679415,0.5104351096880653,0.5441919191919192
127,53,198,0.049080207601679415,0.5104351096880653,0.5441919191919192
128,53,195,0.049080207601679415,0.5104351096880653,0.5441919191919192
129,53,195,0.049080207601679415,0.5104351096880653,0.5441919191919192
130,53,195,0.049080207601679415,0.5104351096880653,0.5441919191919192
131,53,195,0.049080207601679415,0.5104351096880653,0.5441919191919192
132,53,194,0.049080207601679415,0.5104351096880653,0.5441919191919192
133,53,192,0.049080207601679415,0.5104351096880653,0.5441919191919192
134,52,190,0.049080207601679415,0.5104351096880653,0.5441919191919192
135,52,188,0.049080207601679415,0.5104351096880653,0.5441919191919192
136,52,188,0.049080207601679415,0.5104351096880653,0.5441919191919192
137,52,188,0.049080207601679415,0.5104351096880653,0.5441919191919192
138,52,188,0.049080207601679415,0.5104351096880653,0.5441919191919192
139,52,188,0.049080207601679415,0.5104351096880653,0.5441919191919192
140,52,188,0.049080207601679415,0.5104351096880653,0.5441919191919192
141,52,188,0.049080207601679415,0.5104351096880653,0.5441919191919192
142,52,184,0.049080207601679415,0.5104351096880653,0.5441919191919192
143,52,184,0.049080207601679415,0.5104351096880653,0.5441919191919192
144,52,184,0.049080207601679415,0.5104351096880653,0.5441919191919192
145,52,184,0.049080207601679415,0.5104351096880653,0.5441919191919192
146,52,183,0.049080207601679415,0.5104351096880653,0.5441919191919192
147,52,183,0.049080207601679415,0.5104351096880653,0.5441919191919192
148,52,181,0.049080207601679415,0.5104351096880653,0.5441919191919192
149,52,181,0.049080207601679415,0.5104351096880653,0.5441919191919192
150,52,181,0.049080207601679415,0.5104351096880653,0.5441919191919192
151,52,181,0.049080207601679415,0.5104351096880653,0.5441919191919192
152,52,181,0.049080207601679415,0.5104351096880653,0.5441919191919192
153,52,181,0.049080207601679415,0.5104351096880653,0.5441919191919192
154,52,181,0.049080207601679415,0.5104351096880653,0.5441919191919192
155,52,181,0.049080207601679415,0.5104351096880653,0.5441919191919192
156,52,179,0.049080207601679415,0.5104351096880653,0.5441919191919192
157,52,180,0.049080207601679415,0.5104351096880653,0.5441919191919192
158,52,180,0.049080207601679415,0.5104351096880653,0.5441919191919192
159,52,180,0.049080207601679415,0.5104351096880653,0.5441919191919192
160,52,180,0.04781758133905312,0.5205361197890753,0.5429292929292929
161,52,181,0.04781758133905312,0.5205361197890753,0.5429292929292929
162,51,179,0.04781758133905312,0.5205361197890753,0.5429292929292929
163,51,177,0.04781758133905312,0.5205361197890753,0.5429292929292929
164,51,177,0.04781758133905312,0.5205361197890753,0.5429292929292929
165,51,174,0.04781758133905312,0.5205361197890753,0.5429292929292929
166,51,174,0.04781758133905312,0.5205361197890753,0.5429292929292929
167,51,173,0.04781758133905312,0.5205361197890753,0.5429292929292929
168,51,173,0.04781758133905312,0.5205361197890753,0.5429292929292929
169,51,173,0.04781758133905312,0.5205361197890753,0.5429292929292929
170,51,173,0.04781758133905312,0.5205361197890753,0.5429292929292929
171,51,172,0.04781758133905312,0.5205361197890753,0.5429292929292929
172,51,172,0.04781758133905312,0.5205361197890753,0.5429292929292929
173,51,171,0.04781758133905312,0.5205361197890753,0.5429292929292929
174,51,171,0.04781758133905312,0.5205361197890753,0.5429292929292929
175,51,169,0.04655495507642682,0.5104351096880653,0.5416666666666666
176,51,169,0.04655495507642682,0.5104351096880653,0.5416666666666666
177,51,169,0.04655495507642682,0.5104351096880653,0.5416666666666666
178,51,166,0.04655495507642682,0.5104351096880653,0.5416666666666666
179,51,166,0.04655495507642682,0.5104351096880653,0.5416666666666666
180,51,166,0.04655495507642682,0.5104351096880653,0.5416666666666666
181,51,166,0.04781758133905312,0.5003340995870551,0.5429292929292929
182,51,166,0.04781758133905312,0.5003340995870551,0.5429292929292929
183,51,165,0.04781758133905312,0.5003340995870551,0.5429292929292929
184,51,164,0.04781758133905312,0.5003340995870551,0.5429292929292929
185,51,163,0.04781758133905312,0.5003340995870551,0.5429292929292929
186,51,163,0.04781758133905312,0.5003340995870551,0.5429292929292929
187,51,161,0.04781758133905312,0.5003340995870551,0.5429292929292929
188,51,160,0.04781758133905312,0.5003340995870551,0.5429292929292929
189,51,160,0.04781758133905312,0.5003340995870551,0.5429292929292929
190,51,160,0.04781758133905312,0.5003340995870551,0.5429292929292929
191,51,160,0.04781758133905312,0.5003340995870551,0.5429292929292929
192,51,160,0.049080207601679415,0.5104351096880653,0.5441919191919192
193,51,159,0.049080207601679415,0.5104351096880653,0.5441919191919192
194,51,158,0.049080207601679415,0.5104351096880653,0.5441919191919192
195,51,158,0.049080207601679415,0.5104351096880653,0.5441919191919192
196,51,158,0.049080207601679415,0.5104351096880653,0.5441919191919192
197,51,157,0.04781758133905312,0.5205361197890753,0.5429292929292929
198,51,158,0.04781758133905312,0.5205361197890753,0.5429292929292929
199,51,157,0.04781758133905312,0.5205361197890753,0.5429292929292929
200,51,157,0.04781758133905312,0.5205361197890753,0.5429292929292929
201,51,157,0.04781758133905312,0.5205361197890753,0.5429292929292929
202,51,154,0.04781758133905312,0.5205361197890753,0.5429292929292929
203,49,147,0.04781758133905312,0.5205361197890753,0.5429292929292929
204,49,147,0.04781758133905312,0.5205361197890753,0.5429292929292929
205,49,147,0.04781758133905312,0.5205361197890753,0.5429292929292929
206,49,147,0.04781758133905312,0.5205361197890753,0.5429292929292929
207,49,147,0.04781758133905312,0.5205361197890753,0.5429292929292929
208,49,148,0.04781758133905312,0.5205361197890753,0.5429292929292929
209,49,148,0.04781758133905312,0.5205361197890753,0.5429292929292929
210,49,148,0.04781758133905312,0.5205361197890753,0.5429292929292929
211,49,148,0.04781758133905312,0.5205361197890753,0.5429292929292929
212,49,148,0.04781758133905312,0.5205361197890753,0.5429292929292929
213,49,146,0.04781758133905312,0.5205361197890753,0.5429292929292929
214,49,146,0.04781758133905312,0.5205361197890753,0.5429292929292929
215,49,146,0.04781758133905312,0.5205361197890753,0.5429292929292929
216,49,145,0.04781758133905312,0.5205361197890753,0.5429292929292929
217,49,144,0.04781758133905312,0.5205361197890753,0.5429292929292929
218,49,144,0.04781758133905312,0.5205361197890753,0.5429292929292929
219,49,144,0.04781758133905312,0.5205361197890753,0.5429292929292929
220,49,144,0.04781758133905312,0.5205361197890753,0.5429292929292929
221,49,143,0.04781758133905312,0.5205361197890753,0.5429292929292929
222,49,143,0.04781758133905312,0.5205361197890753,0.5429292929292929
223,49,143,0.04781758133905312,0.5205361197890753,0.5429292929292929
224,49,143,0.04781758133905312,0.5205361197890753,0.5429292929292929
225,49,142,0.04781758133905312,0.5205361197890753,0.5429292929292929
226,49,142,0.04781758133905312,0.5205361197890753,0.5429292929292929
227,49,142,0.04655495507642682,0.5306371298900854,0.5416666666666666
228,49,142,0.04655495507642682,0.5306371298900854,0.5416666666666666
229,49,142,0.04655495507642682,0.5306371298900854,0.5416666666666666
230,49,142,0.04655495507642682,0.5306371298900854,0.5416666666666666
231,49,142,0.04655495507642682,0.5306371298900854,0.5416666666666666
232,49,141,0.04655495507642682,0.5306371298900854,0.5416666666666666
233,49,141,0.04655495507642682,0.5306371298900854,0.5416666666666666
234,49,141,0.04655495507642682,0.5306371298900854,0.5416666666666666
235,49,141,0.04655495507642682,0.5306371298900854,0.5416666666666666
236,49,141,0.04655495507642682,0.5306371298900854,0.5416666666666666
237,49,141,0.04655495507642682,0.5306371298900854,0.5416666666666666
238,49,141,0.04655495507642682,0.5306371298900854,0.5416666666666666
239,49,141,0.04655495507642682,0.5306371298900854,0.5416666666666666
240,49,141,0.04655495507642682,0.5306371298900854,0.5416666666666666
241,49,141,0.04655495507642682,0.5306371298900854,0.5416666666666666
242,49,140,0.049080207601679415,0.5104351096880653,0.5441919191919192
243,49,140,0.049080207601679415,0.5104351096880653,0.5441919191919192
244,49,140,0.049080207601679415,0.5104351096880653,0.5441919191919192
245,49,140,0.049080207601679415,0.5104351096880653,0.5441919191919192
246,49,140,0.049080207601679415,0.5104351096880653,0.5441919191919192
247,49,140,0.049080207601679415,0.5104351096880653,0.5441919191919192
248,49,140,0.049080207601679415,0.5104351096880653,0.5441919191919192
249,49,140,0.049080207601679415,0.5104351096880653,0.5441919191919192
250,49,140,0.049080207601679415,0.5104351096880653,0.5441919191919192
251,49,140,0.0503428338643056,0.5003340995870551,0.5454545454545454
252,49,140,0.0503428338643056,0.5003340995870551,0.5454545454545454
253,50,141,0.0503428338643056,0.5003340995870551,0.5454545454545454
254,50,141,0.0503428338643056,0.5003340995870551,0.5454545454545454
255,50,141,0.0503428338643056,0.5003340995870551,0.5454545454545454
256,50,142,0.0503428338643056,0.5003340995870551,0.5454545454545454
257,50,142,0.0503428338643056,0.5003340995870551,0.5454545454545454
258,50,140,0.049080207601679415,0.49023308948604505,0.5441919191919192
259,50,140,0.049080207601679415,0.49023308948604505,0.5441919191919192
260,50,140,0.049080207601679415,0.49023308948604505,0.5441919191919192
261,50,140,0.049080207601679415,0.49023308948604505,0.5441919191919192
262,50,140,0.049080207601679415,0.49023308948604505,0.5441919191919192
263,50,140,0.049080207601679415,0.49023308948604505,0.5441919191919192
264,50,139,0.049080207601679415,0.49023308948604505,0.5441919191919192
265,50,139,0.049080207601679415,0.49023308948604505,0.5441919191919192
266,50,139,0.049080207601679415,0.49023308948604505,0.5441919191919192
267,50,138,0.049080207601679415,0.49023308948604505,0.5441919191919192
268,50,138,0.049080207601679415,0.49023308948604505,0.5441919191919192
269,50,137,0.049080207601679415,0.49023308948604505,0.5441919191919192
270,50,137,0.049080207601679415,0.49023308948604505,0.5441919191919192
271,50,137,0.049080207601679415,0.49023308948604505,0.5441919191919192
272,50,137,0.049080207601679415,0.49023308948604505,0.5441919191919192
273,50,137,0.049080207601679415,0.49023308948604505,0.5441919191919192
274,50,137,0.049080207601679415,0.49023308948604505,0.5441919191919192
275,50,137,0.049080207601679415,0.49023308948604505,0.5441919191919192
276,50,137,0.049080207601679415,0.49023308948604505,0.5441919191919192
277,50,137,0.049080207601679415,0.49023308948604505,0.5441919191919192
278,50,137,0.049080207601679415,0.49023308948604505,0.5441919191919192
279,50,137,0.049080207601679415,0.49023308948604505,0.5441919191919192
280,49,137,0.0503428338643056,0.480132079385035,0.5454545454545454
281,49,137,0.0503428338643056,0.480132079385035,0.5454545454545454
282,49,137,0.0503428338643056,0.480132079385035,0.5454545454545454
283,49,137,0.0503428338643056,0.480132079385035,0.5454545454545454
284,49,136,0.0503428338643056,0.480132079385035,0.5454545454545454
285,49,136,0.0503428338643056,0.480132079385035,0.5454545454545454
286,49,136,0.0503428338643056,0.480132079385035,0.5454545454545454
287,49,136,0.0503428338643056,0.480132079385035,0.5454545454545454
288,49,136,0.0503428338643056,0.480132079385035,0.5454545454545454
289,49,136,0.0503428338643056,0.480132079385035,0.5454545454545454
290,49,136,0.0503428338643056,0.480132079385035,0.5454545454545454
291,49,135,0.0503428338643056,0.480132079385035,0.5454545454545454
292,49,135,0.0503428338643056,0.480132079385035,0.5454545454545454
293,49,135,0.0503428338643056,0.480132079385035,0.5454545454545454
294,49,135,0.0503428338643056,0.480132079385035,0.5454545454545454
295,49,136,0.0503428338643056,0.480132079385035,0.5454545454545454
296,49,136,0.0503428338643056,0.480132079385035,0.5454545454545454
297,49,134,0.0503428338643056,0.480132079385035,0.5454545454545454
298,49,134,0.0503428338643056,0.480132079385035,0.5454545454545454
299,49,134,0.0503428338643056,0.480132079385035,0.5454545454545454
300,49,134,0.0503428338643056,0.480132079385035,0.5454545454545454
301,49,134,0.0503428338643056,0.480132079385035,0.5454545454545454
302,49,133,0.0503428338643056,0.480132079385035,0.5454545454545454
303,49,133,0.0503428338643056,0.480132079385035,0.5454545454545454
304,49,133,0.0503428338643056,0.480132079385035,0.5454545454545454
305,49,133,0.0503428338643056,0.480132079385035,0.5454545454545454
306,49,132,0.0503428338643056,0.480132079385035,0.5454545454545454
307,49,132,0.0503428338643056,0.480132079385035,0.5454545454545454
308,49,132,0.0503428338643056,0.480132079385035,0.5454545454545454
309,49,132,0.0503428338643056,0.480132079385035,0.5454545454545454
310,49,132,0.0503428338643056,0.480132079385035,0.5454545454545454
311,49,132,0.0503428338643056,0.480132079385035,0.5454545454545454
312,49,132,0.0503428338643056,0.480132079385035,0.5454545454545454
313,49,132,0.0503428338643056,0.480132079385035,0.5454545454545454
314,49,131,0.0503428338643056,0.480132079385035,0.5454545454545454
315,49,131,0.0503428338643056,0.480132079385035,0.5454545454545454
316,49,131,0.0503428338643056,0.480132079385035,0.5454545454545454
317,49,130,0.0503428338643056,0.480132079385035,0.5454545454545454
318,49,130,0.0503428338643056,0.480132079385035,0.5454545454545454
319,49,130,0.0503428338643056,0.480132079385035,0.5454545454545454
320,49,130,0.0503428338643056,0.480132079385035,0.5454545454545454
321,49,130,0.0503428338643056,0.480132079385035,0.5454545454545454
322,49,130,0.0503428338643056,0.480132079385035,0.5454545454545454
323,49,130,0.049080207601679415,0.47003106928402494,0.5441919191919192
324,49,129,0.049080207601679415,0.47003106928402494,0.5441919191919192
325,49,129,0.049080207601679415,0.47003106928402494,0.5441919191919192
326,49,126,0.049080207601679415,0.47003106928402494,0.5441919191919192
327,49,126,0.049080207601679415,0.47003106928402494,0.5441919191919192
328,49,126,0.0503428338643056,0.480132079385035,0.5454545454545454
329,49,123,0.0503428338643056,0.480132079385035,0.5454545454545454
330,49,122,0.049080207601679415,0.47003106928402494,0.5441919191919192
331,49,122,0.049080207601679415,0.47003106928402494,0.5441919191919192
332,49,122,0.049080207601679415,0.47003106928402494,0.5441919191919192
333,49,122,0.049080207601679415,0.47003106928402494,0.5441919191919192
334,49,122,0.049080207601679415,0.47003106928402494,0.5441919191919192
335,49,122,0.049080207601679415,0.47003106928402494,0.5441919191919192
336,49,123,0.049080207601679415,0.47003106928402494,0.5441919191919192
337,49,123,0.049080207601679415,0.47003106928402494,0.5441919191919192
338,49,122,0.049080207601679415,0.47003106928402494,0.5441919191919192
339,49,122,0.049080207601679415,0.47003106928402494,0.5441919191919192
340,49,122,0.049080207601679415,0.47003106928402494,0.5441919191919192
341,49,122,0.049080207601679415,0.47003106928402494,0.5441919191919192
342,49,122,0.049080207601679415,0.47003106928402494,0.5441919191919192
343,49,122,0.049080207601679415,0.47003106928402494,0.5441919191919192
344,49,122,0.049080207601679415,0.47003106928402494,0.5441919191919192
345,49,120,0.049080207601679415,0.47003106928402494,0.5441919191919192
346,49,120,0.049080207601679415,0.47003106928402494,0.5441919191919192
347,49,120,0.04781758133905312,0.4599300591830149,0.5429292929292929
348,49,120,0.04781758133905312,0.4599300591830149,0.5429292929292929
349,49,120,0.04781758133905312,0.4599300591830149,0.5429292929292929
350,49,117,0.049080207601679415,0.4498290490820048,0.5441919191919192
351,49,117,0.049080207601679415,0.4498290490820048,0.5441919191919192
352,49,117,0.049080207601679415,0.4498290490820048,0.5441919191919192
353,49,117,0.049080207601679415,0.4498290490820048,0.5441919191919192
354,49,117,0.049080207601679415,0.4498290490820048,0.5441919191919192
355,49,117,0.049080207601679415,0.4498290490820048,0.5441919191919192
356,49,117,0.04781758133905312,0.43972803898099483,0.5429292929292929
357,49,117,0.04781758133905312,0.43972803898099483,0.5429292929292929
358,49,117,0.04781758133905312,0.43972803898099483,0.5429292929292929
359,49,117,0.04781758133905312,0.43972803898099483,0.5429292929292929
360,49,117,0.04781758133905312,0.43972803898099483,0.5429292929292929
361,49,116,0.04781758133905312,0.43972803898099483,0.5429292929292929
362,49,117,0.04781758133905312,0.43972803898099483,0.5429292929292929
363,49,117,0.04781758133905312,0.43972803898099483,0.5429292929292929
364,49,117,0.04781758133905312,0.43972803898099483,0.5429292929292929
365,49,118,0.049080207601679415,0.4498290490820049,0.5441919191919192
366,49,118,0.049080207601679415,0.4498290490820049,0.5441919191919192
367,49,118,0.049080207601679415,0.4498290490820049,0.5441919191919192
368,49,116,0.049080207601679415,0.4498290490820049,0.5441919191919192
369,49,115,0.049080207601679415,0.4498290490820049,0.5441919191919192
370,49,115,0.049080207601679415,0.4498290490820049,0.5441919191919192
371,49,116,0.049080207601679415,0.4498290490820049,0.5441919191919192
372,49,116,0.049080207601679415,0.4498290490820049,0.5441919191919192
373,49,116,0.049080207601679415,0.4498290490820049,0.5441919191919192
374,49,116,0.049080207601679415,0.4498290490820049,0.5441919191919192
375,49,116,0.049080207601679415,0.4498290490820049,0.5441919191919192
376,49,115,0.049080207601679415,0.4498290490820049,0.5441919191919192
377,49,114,0.04781758133905312,0.4397280389809947,0.5429292929292929
378,49,114,0.04781758133905312,0.4397280389809947,0.5429292929292929
379,49,114,0.04781758133905312,0.4397280389809947,0.5429292929292929
380,49,114,0.04781758133905312,0.4397280389809947,0.5429292929292929
381,49,114,0.04781758133905312,0.4397280389809947,0.5429292929292929
382,49,114,0.04781758133905312,0.4397280389809947,0.5429292929292929
383,49,115,0.04781758133905312,0.4397280389809947,0.5429292929292929
384,49,115,0.04781758133905312,0.4397280389809947,0.5429292929292929
385,49,115,0.04781758133905312,0.4397280389809947,0.5429292929292929
386,49,115,0.04781758133905312,0.4397280389809947,0.5429292929292929
387,49,115,0.04781758133905312,0.4397280389809947,0.5429292929292929
388,49,115,0.04781758133905312,0.4397280389809947,0.5429292929292929
389,49,115,0.04781758133905312,0.4397280389809947,0.5429292929292929
390,49,115,0.04781758133905312,0.4397280389809947,0.5429292929292929
391,49,113,0.04781758133905312,0.4397280389809947,0.5429292929292929
392,49,113,0.04781758133905312,0.4397280389809947,0.5429292929292929
393,49,113,0.04781758133905312,0.4397280389809947,0.5429292929292929
394,49,110,0.04781758133905312,0.4397280389809947,0.5429292929292929
395,49,110,0.04781758133905312,0.4397280389809947,0.5429292929292929
396,49,108,0.04781758133905312,0.4397280389809947,0.5429292929292929
397,49,107,0.04781758133905312,0.4397280389809947,0.5429292929292929
398,49,107,0.04781758133905312,0.4397280389809947,0.5429292929292929
399,49,107,0.04781758133905312,0.4397280389809947,0.5429292929292929
400,49,106,0.04781758133905312,0.4397280389809947,0.5429292929292929
401,49,106,0.04781758133905312,0.4397280389809947,0.5429292929292929
402,49,105,0.04781758133905312,0.4397280389809947,0.5429292929292929
403,49,105,0.04781758133905312,0.4397280389809947,0.5429292929292929
404,49,106,0.04781758133905312,0.4397280389809947,0.5429292929292929
405,49,106,0.04781758133905312,0.4397280389809947,0.5429292929292929
406,49,105,0.04781758133905312,0.4397280389809947,0.5429292929292929
407,49,104,0.04781758133905312,0.4397280389809947,0.5429292929292929
408,49,104,0.04781758133905312,0.4397280389809947,0.5429292929292929
409,49,104,0.04781758133905312,0.4397280389809947,0.5429292929292929
410,49,104,0.04781758133905312,0.4397280389809947,0.5429292929292929
411,49,104,0.04781758133905312,0.4397280389809947,0.5429292929292929
412,49,104,0.04781758133905312,0.4397280389809947,0.5429292929292929
413,49,105,0.04781758133905312,0.4397280389809947,0.5429292929292929
414,49,105,0.04781758133905312,0.4397280389809947,0.5429292929292929
415,49,105,0.04781758133905312,0.4397280389809947,0.5429292929292929
416,49,105,0.04781758133905312,0.4397280389809947,0.5429292929292929
417,49,105,0.04781758133905312,0.4397280389809947,0.5429292929292929
418,49,105,0.04781758133905312,0.4397280389809947,0.5429292929292929
419,49,105,0.04781758133905312,0.4397280389809947,0.5429292929292929
420,49,103,0.04781758133905312,0.4397280389809947,0.5429292929292929
421,49,103,0.04781758133905312,0.4397280389809947,0.5429292929292929
422,49,103,0.04781758133905312,0.4397280389809947,0.5429292929292929
423,49,103,0.04781758133905312,0.4397280389809947,0.5429292929292929
424,49,104,0.04781758133905312,0.4397280389809947,0.5429292929292929
425,49,104,0.04781758133905312,0.4397280389809947,0.5429292929292929
426,49,104,0.04781758133905312,0.4397280389809947,0.5429292929292929
427,49,103,0.04781758133905312,0.4397280389809947,0.5429292929292929
428,49,103,0.04781758133905312,0.4397280389809947,0.5429292929292929
429,49,103,0.04781758133905312,0.4397280389809947,0.5429292929292929
430,49,103,0.04781758133905312,0.4397280389809947,0.5429292929292929
431,50,103,0.04781758133905312,0.4397280389809947,0.5429292929292929
432,50,103,0.04781758133905312,0.4397280389809947,0.5429292929292929
433,50,103,0.04781758133905312,0.4397280389809947,0.5429292929292929
434,50,103,0.04781758133905312,0.4397280389809947,0.5429292929292929
435,50,103,0.04781758133905312,0.4397280389809947,0.5429292929292929
436,50,103,0.04781758133905312,0.4397280389809947,0.5429292929292929
437,50,103,0.04781758133905312,0.4397280389809947,0.5429292929292929
438,50,101,0.04781758133905312,0.4397280389809947,0.5429292929292929
439,50,101,0.04781758133905312,0.4397280389809947,0.5429292929292929
440,50,101,0.04781758133905312,0.4397280389809947,0.5429292929292929
441,50,101,0.04781758133905312,0.4397280389809947,0.5429292929292929
442,50,101,0.04781758133905312,0.4397280389809947,0.5429292929292929
443,50,101,0.04781758133905312,0.4397280389809947,0.5429292929292929
444,50,101,0.04781758133905312,0.4397280389809947,0.5429292929292929
445,50,100,0.04781758133905312,0.4397280389809947,0.5429292929292929
446,50,100,0.04781758133905312,0.4397280389809947,0.5429292929292929
447,50,100,0.04781758133905312,0.4397280389809947,0.5429292929292929
448,50,100,0.04781758133905312,0.4397280389809947,0.5429292929292929
449,50,100,0.04781758133905312,0.4397280389809947,0.5429292929292929
450,50,100,0.04781758133905312,0.4397280389809947,0.5429292929292929
451,50,100,0.04781758133905312,0.4397280389809947,0.5429292929292929
452,50,100,0.04781758133905312,0.4397280389809947,0.5429292929292929
453,50,100,0.04781758133905312,0.4397280389809947,0.5429292929292929
454,50,100,0.04781758133905312,0.4397280389809947,0.5429292929292929
455,50,100,0.04781758133905312,0.4397280389809947,0.5429292929292929
456,50,100,0.04781758133905312,0.4397280389809947,0.5429292929292929
457,50,100,0.04781758133905312,0.4397280389809947,0.5429292929292929
458,49,100,0.04781758133905312,0.4397280389809947,0.5429292929292929
459,49,99,0.04655495507642682,0.44982904908200483,0.5416666666666666
460,49,99,0.04655495507642682,0.44982904908200483,0.5416666666666666
461,49,98,0.04655495507642682,0.44982904908200483,0.5416666666666666
462,49,98,0.04655495507642682,0.44982904908200483,0.5416666666666666
463,49,98,0.04655495507642682,0.44982904908200483,0.5416666666666666
464,49,97,0.04529232881380063,0.4397280389809948,0.5404040404040404
465,49,97,0.04529232881380063,0.4397280389809948,0.5404040404040404
466,49,96,0.04529232881380063,0.4397280389809948,0.5404040404040404
467,49,96,0.04529232881380063,0.4397280389809948,0.5404040404040404
468,49,97,0.04529232881380063,0.4397280389809948,0.5404040404040404
469,49,97,0.04529232881380063,0.4397280389809948,0.5404040404040404
470,48,96,0.04529232881380063,0.4397280389809948,0.5404040404040404
471,48,96,0.04529232881380063,0.4397280389809948,0.5404040404040404
472,48,96,0.04529232881380063,0.4397280389809948,0.5404040404040404
473,48,96,0.04529232881380063,0.4397280389809948,0.5404040404040404
474,48,96,0.04529232881380063,0.4397280389809948,0.5404040404040404
475,48,96,0.04529232881380063,0.4397280389809948,0.5404040404040404
476,48,96,0.04529232881380063,0.4397280389809948,0.5404040404040404
477,48,96,0.04529232881380063,0.4397280389809948,0.5404040404040404
478,48,96,0.04529232881380063,0.4397280389809948,0.5404040404040404
479,48,95,0.04529232881380063,0.4397280389809948,0.5404040404040404
480,48,95,0.04529232881380063,0.4397280389809948,0.5404040404040404
481,48,95,0.04529232881380063,0.4397280389809948,0.5404040404040404
482,48,95,0.04529232881380063,0.4397280389809948,0.5404040404040404
483,48,95,0.04529232881380063,0.4397280389809948,0.5404040404040404
484,48,96,0.04655495507642682,0.42962702887998466,0.5416666666666666
485,48,96,0.04655495507642682,0.42962702887998466,0.5416666666666666
486,48,96,0.04655495507642682,0.42962702887998466,0.5416666666666666
487,48,96,0.04655495507642682,0.42962702887998466,0.5416666666666666
488,48,96,0.04655495507642682,0.42962702887998466,0.5416666666666666
489,48,96,0.04655495507642682,0.42962702887998466,0.5416666666666666
490,48,96,0.04655495507642682,0.42962702887998466,0.5416666666666666
491,48,96,0.04655495507642682,0.42962702887998466,0.5416666666666666
492,48,96,0.04655495507642682,0.42962702887998466,0.5416666666666666
493,48,96,0.04655495507642682,0.42962702887998466,0.5416666666666666
494,48,96,0.04655495507642682,0.42962702887998466,0.5416666666666666
495,48,96,0.04655495507642682,0.42962702887998466,0.5416666666666666
496,48,96,0.04529232881380063,0.4195260187789746,0.5404040404040404
497,48,96,0.04529232881380063,0.4195260187789746,0.5404040404040404
498,48,96,0.04529232881380063,0.4195260187789746,0.5404040404040404
499,48,96,0.04529232881380063,0.4195260187789746,0.5404040404040404
500,48,98,0.04529232881380063,0.4195260187789746,0.5404040404040404
501,48,98,0.04529232881380063,0.4195260187789746,0.5404040404040404
502,48,98,0.04529232881380063,0.4195260187789746,0.5404040404040404
503,48,98,0.04529232881380063,0.4195260187789746,0.5404040404040404
504,48,99,0.04529232881380063,0.4195260187789746,0.5404040404040404
505,48,99,0.04529232881380063,0.4195260187789746,0.5404040404040404
506,48,98,0.04529232881380063,0.4195260187789746,0.5404040404040404
507,48,98,0.04529232881380063,0.4195260187789746,0.5404040404040404
508,48,98,0.04529232881380063,0.4195260187789746,0.5404040404040404
509,48,98,0.04529232881380063,0.4195260187789746,0.5404040404040404
510,48,98,0.04529232881380063,0.4195260187789746,0.5404040404040404
511,48,98,0.04529232881380063,0.4195260187789746,0.5404040404040404
512,48,98,0.04529232881380063,0.4195260187789746,0.5404040404040404
513,48,98,0.04529232881380063,0.4195260187789746,0.5404040404040404
514,48,98,0.04529232881380063,0.4195260187789746,0.5404040404040404
515,48,98,0.04529232881380063,0.4195260187789746,0.5404040404040404
516,48,98,0.04529232881380063,0.4195260187789746,0.5404040404040404
517,48,98,0.04529232881380063,0.4195260187789746,0.5404040404040404
518,48,98,0.04529232881380063,0.4195260187789746,0.5404040404040404
519,47,98,0.04529232881380063,0.4195260187789746,0.5404040404040404
520,47,98,0.04529232881380063,0.4195260187789746,0.5404040404040404
521,47,99,0.04529232881380063,0.4195260187789746,0.5404040404040404
522,47,99,0.04529232881380063,0.4195260187789746,0.5404040404040404
523,47,99,0.04529232881380063,0.4195260187789746,0.5404040404040404
524,47,99,0.04529232881380063,0.4195260187789746,0.5404040404040404
525,48,99,0.04529232881380063,0.4195260187789746,0.5404040404040404
526,47,99,0.04529232881380063,0.4195260187789746,0.5404040404040404
527,47,99,0.04529232881380063,0.4195260187789746,0.5404040404040404
528,47,99,0.04529232881380063,0.4195260187789746,0.5404040404040404
529,47,99,0.04529232881380063,0.4195260187789746,0.5404040404040404
530,47,99,0.04529232881380063,0.4195260187789746,0.5404040404040404
531,47,99,0.04529232881380063,0.4195260187789746,0.5404040404040404
532,47,99,0.04529232881380063,0.4195260187789746,0.5404040404040404
533,47,99,0.04529232881380063,0.4195260187789746,0.5404040404040404
534,48,99,0.04529232881380063,0.4195260187789746,0.5404040404040404
535,48,99,0.04529232881380063,0.4195260187789746,0.5404040404040404
536,48,99,0.04529232881380063,0.4195260187789746,0.5404040404040404
537,48,99,0.04529232881380063,0.4195260187789746,0.5404040404040404
538,48,99,0.04529232881380063,0.4195260187789746,0.5404040404040404
539,48,99,0.04529232881380063,0.4195260187789746,0.5404040404040404
540,48,99,0.04529232881380063,0.4195260187789746,0.5404040404040404
541,47,98,0.04655495507642682,0.42962702887998466,0.5416666666666666
542,47,98,0.04655495507642682,0.42962702887998466,0.5416666666666666
543,47,98,0.04655495507642682,0.42962702887998466,0.5416666666666666
544,47,98,0.04655495507642682,0.42962702887998466,0.5416666666666666
545,47,98,0.04655495507642682,0.42962702887998466,0.5416666666666666
546,47,97,0.04655495507642682,0.42962702887998466,0.5416666666666666
547,47,97,0.04655495507642682,0.42962702887998466,0.5416666666666666
548,47,97,0.04655495507642682,0.42962702887998466,0.5416666666666666
549,47,98,0.04655495507642682,0.42962702887998466,0.5416666666666666
550,47,98,0.04655495507642682,0.42962702887998466,0.5416666666666666
551,47,98,0.04655495507642682,0.42962702887998466,0.5416666666666666
552,47,96,0.04655495507642682,0.42962702887998466,0.5416666666666666
553,47,96,0.04655495507642682,0.42962702887998466,0.5416666666666666
554,47,96,0.04655495507642682,0.42962702887998466,0.5416666666666666
555,47,95,0.04655495507642682,0.42962702887998466,0.5416666666666666
556,47,95,0.04655495507642682,0.42962702887998466,0.5416666666666666
557,47,95,0.04655495507642682,0.42962702887998466,0.5416666666666666
558,47,95,0.04655495507642682,0.42962702887998466,0.5416666666666666
559,47,96,0.04655495507642682,0.42962702887998466,0.5416666666666666
560,47,96,0.04655495507642682,0.42962702887998466,0.5416666666666666
561,47,96,0.04655495507642682,0.42962702887998466,0.5416666666666666
562,47,96,0.04655495507642682,0.42962702887998466,0.5416666666666666
563,47,96,0.04655495507642682,0.42962702887998466,0.5416666666666666
564,47,96,0.04781758133905312,0.41952601877897455,0.5429292929292929
565,47,96,0.04781758133905312,0.41952601877897455,0.5429292929292929
566,47,96,0.04781758133905312,0.41952601877897455,0.5429292929292929
567,47,96,0.04781758133905312,0.41952601877897455,0.5429292929292929
568,47,96,0.04781758133905312,0.41952601877897455,0.5429292929292929
569,46,96,0.04781758133905312,0.41952601877897455,0.5429292929292929
570,46,94,0.04781758133905312,0.41952601877897455,0.5429292929292929
571,46,94,0.04781758133905312,0.41952601877897455,0.5429292929292929
572,46,94,0.04781758133905312,0.41952601877897455,0.5429292929292929
573,46,93,0.04781758133905312,0.41952601877897455,0.5429292929292929
574,46,93,0.04781758133905312,0.41952601877897455,0.5429292929292929
575,46,93,0.04781758133905312,0.41952601877897455,0.5429292929292929
576,46,92,0.04781758133905312,0.41952601877897455,0.5429292929292929
577,46,92,0.04781758133905312,0.41952601877897455,0.5429292929292929
578,46,92,0.04781758133905312,0.41952601877897455,0.5429292929292929
579,46,92,0.04781758133905312,0.41952601877897455,0.5429292929292929
580,46,92,0.04781758133905312,0.41952601877897455,0.5429292929292929
581,46,92,0.04781758133905312,0.41952601877897455,0.5429292929292929
582,46,92,0.04781758133905312,0.41952601877897455,0.5429292929292929
583,46,92,0.04781758133905312,0.41952601877897455,0.5429292929292929
584,46,92,0.04781758133905312,0.41952601877897455,0.5429292929292929
585,46,92,0.04781758133905312,0.41952601877897455,0.5429292929292929
586,46,92,0.04781758133905312,0.41952601877897455,0.5429292929292929
587,46,92,0.049080207601679415,0.4296270288799846,0.5441919191919192
588,46,92,0.049080207601679415,0.4296270288799846,0.5441919191919192
589,46,93,0.049080207601679415,0.4296270288799846,0.5441919191919192
590,46,93,0.049080207601679415,0.4296270288799846,0.5441919191919192
591,46,94,0.049080207601679415,0.4296270288799846,0.5441919191919192
592,46,94,0.049080207601679415,0.4296270288799846,0.5441919191919192
593,46,94,0.049080207601679415,0.4296270288799846,0.5441919191919192
594,46,92,0.049080207601679415,0.4296270288799846,0.5441919191919192
595,46,92,0.049080207601679415,0.4296270288799846,0.5441919191919192
596,46,92,0.049080207601679415,0.4296270288799846,0.5441919191919192
597,46,93,0.049080207601679415,0.4296270288799846,0.5441919191919192
598,46,93,0.049080207601679415,0.4296270288799846,0.5441919191919192
599,46,94,0.049080207601679415,0.4296270288799846,0.5441919191919192
600,46,94,0.049080207601679415,0.4296270288799846,0.5441919191919192
601,46,93,0.0516054601269319,0.4361649849032902,0.5467171717171717
602,46,93,0.0516054601269319,0.4361649849032902,0.5467171717171717
603,46,93,0.0516054601269319,0.4361649849032902,0.5467171717171717
604,46,93,0.0516054601269319,0.4361649849032902,0.5467171717171717
605,46,93,0.0516054601269319,0.4361649849032902,0.5467171717171717
606,46,93,0.0516054601269319,0.4361649849032902,0.5467171717171717
607,46,93,0.0516054601269319,0.4361649849032902,0.5467171717171717
608,46,92,0.0516054601269319,0.4361649849032902,0.5467171717171717
609,46,92,0.0516054601269319,0.4361649849032902,0.5467171717171717
610,46,92,0.0516054601269319,0.4361649849032902,0.5467171717171717
611,46,92,0.0516054601269319,0.4361649849032902,0.5467171717171717
612,46,92,0.0516054601269319,0.4361649849032902,0.5467171717171717
613,46,92,0.0516054601269319,0.4361649849032902,0.5467171717171717
614,46,92,0.0516054601269319,0.4361649849032902,0.5467171717171717
615,46,92,0.0516054601269319,0.4361649849032902,0.5467171717171717
616,46,92,0.0516054601269319,0.4361649849032902,0.5467171717171717
617,46,92,0.0516054601269319,0.4361649849032902,0.5467171717171717
618,46,92,0.0516054601269319,0.4361649849032902,0.5467171717171717
619,46,92,0.0516054601269319,0.4361649849032902,0.5467171717171717
620,46,92,0.0516054601269319,0.4361649849032902,0.5467171717171717
621,46,92,0.0516054601269319,0.4361649849032902,0.5467171717171717
622,46,92,0.0516054601269319,0.4361649849032902,0.5467171717171717
623,46,92,0.0516054601269319,0.4361649849032902,0.5467171717171717
624,46,92,0.0516054601269319,0.4361649849032902,0.5467171717171717
625,46,92,0.0516054601269319,0.4361649849032902,0.5467171717171717
626,46,91,0.0516054601269319,0.4361649849032902,0.5467171717171717
627,46,91,0.0516054601269319,0.4361649849032902,0.5467171717171717
628,46,91,0.0516054601269319,0.4361649849032902,0.5467171717171717
629,46,91,0.0516054601269319,0.4361649849032902,0.5467171717171717
630,46,90,0.0516054601269319,0.4361649849032902,0.5467171717171717
631,46,89,0.0516054601269319,0.4361649849032902,0.5467171717171717
632,46,89,0.0516054601269319,0.4361649849032902,0.5467171717171717
633,46,89,0.0516054601269319,0.4361649849032902,0.5467171717171717
634,46,89,0.0503428338643056,0.43972803898099466,0.5454545454545454
635,46,90,0.0503428338643056,0.43972803898099466,0.5454545454545454
636,46,90,0.0503428338643056,0.43972803898099466,0.5454545454545454
637,46,90,0.0503428338643056,0.43972803898099466,0.5454545454545454
638,46,90,0.0503428338643056,0.43972803898099466,0.5454545454545454
639,46,89,0.0503428338643056,0.43972803898099466,0.5454545454545454
640,46,89,0.049080207601679415,0.4296270288799846,0.5441919191919192
641,46,89,0.049080207601679415,0.4296270288799846,0.5441919191919192
642,46,90,0.049080207601679415,0.4296270288799846,0.5441919191919192
643,46,91,0.049080207601679415,0.4296270288799846,0.5441919191919192
644,46,91,0.049080207601679415,0.4296270288799846,0.5441919191919192
645,46,91,0.049080207601679415,0.4296270288799846,0.5441919191919192
646,46,91,0.049080207601679415,0.4296270288799846,0.5441919191919192
647,46,91,0.049080207601679415,0.4296270288799846,0.5441919191919192
648,46,91,0.049080207601679415,0.4296270288799846,0.5441919191919192
649,46,92,0.049080207601679415,0.4296270288799846,0.5441919191919192
650,46,92,0.049080207601679415,0.4296270288799846,0.5441919191919192
651,46,92,0.049080207601679415,0.4296270288799846,0.5441919191919192
652,46,92,0.049080207601679415,0.4296270288799846,0.5441919191919192
653,46,92,0.04781758133905312,0.41952601877897455,0.5429292929292929
654,46,92,0.04781758133905312,0.41952601877897455,0.5429292929292929
655,46,92,0.04781758133905312,0.41952601877897455,0.5429292929292929
656,46,92,0.04781758133905312,0.41952601877897455,0.5429292929292929
657,46,92,0.04781758133905312,0.41952601877897455,0.5429292929292929
658,46,92,0.04781758133905312,0.41952601877897455,0.5429292929292929
659,46,92,0.04781758133905312,0.41952601877897455,0.5429292929292929
660,46,91,0.04781758133905312,0.41952601877897455,0.5429292929292929
661,46,91,0.04781758133905312,0.41952601877897455,0.5429292929292929
662,46,91,0.04781758133905312,0.41952601877897455,0.5429292929292929
663,46,91,0.04781758133905312,0.41952601877897455,0.5429292929292929
664,46,91,0.04781758133905312,0.41952601877897455,0.5429292929292929
665,46,90,0.04781758133905312,0.41952601877897455,0.5429292929292929
666,46,90,0.04781758133905312,0.41952601877897455,0.5429292929292929
667,46,90,0.04781758133905312,0.41952601877897455,0.5429292929292929
668,46,90,0.04781758133905312,0.41952601877897455,0.5429292929292929
669,46,90,0.04781758133905312,0.41952601877897455,0.5429292929292929
670,46,90,0.04781758133905312,0.41952601877897455,0.5429292929292929
671,46,90,0.04781758133905312,0.41952601877897455,0.5429292929292929
672,46,90,0.04781758133905312,0.41952601877897455,0.5429292929292929
673,46,90,0.04781758133905312,0.41952601877897455,0.5429292929292929
674,46,90,0.04781758133905312,0.41952601877897455,0.5429292929292929
675,46,90,0.04781758133905312,0.41952601877897455,0.5429292929292929
676,46,90,0.04781758133905312,0.41952601877897455,0.5429292929292929
677,46,90,0.04781758133905312,0.41952601877897455,0.5429292929292929
678,46,91,0.04781758133905312,0.41952601877897455,0.5429292929292929
679,46,91,0.04781758133905312,0.41952601877897455,0.5429292929292929
680,46,93,0.04781758133905312,0.41952601877897455,0.5429292929292929
681,46,93,0.04781758133905312,0.41952601877897455,0.5429292929292929
682,46,93,0.04781758133905312,0.41952601877897455,0.5429292929292929
683,46,93,0.04781758133905312,0.41952601877897455,0.5429292929292929
684,46,93,0.04781758133905312,0.41952601877897455,0.5429292929292929
685,46,93,0.04781758133905312,0.41952601877897455,0.5429292929292929
686,46,93,0.04781758133905312,0.41952601877897455,0.5429292929292929
687,46,93,0.04781758133905312,0.41952601877897455,0.5429292929292929
688,46,93,0.04781758133905312,0.41952601877897455,0.5429292929292929
689,46,93,0.04781758133905312,0.41952601877897455,0.5429292929292929
690,46,93,0.04781758133905312,0.41952601877897455,0.5429292929292929
691,46,93,0.04781758133905312,0.41952601877897455,0.5429292929292929
692,46,93,0.04781758133905312,0.41952601877897455,0.5429292929292929
693,46,92,0.04781758133905312,0.41952601877897455,0.5429292929292929
694,46,92,0.04781758133905312,0.41952601877897455,0.5429292929292929
695,46,91,0.04781758133905312,0.41952601877897455,0.5429292929292929
696,46,91,0.04781758133905312,0.41952601877897455,0.5429292929292929
697,46,91,0.04781758133905312,0.41952601877897455,0.5429292929292929
698,46,91,0.04781758133905312,0.41952601877897455,0.5429292929292929
699,46,91,0.04781758133905312,0.41952601877897455,0.5429292929292929
700,46,91,0.04655495507642682,0.38884356585562035,0.5416666666666666
701,46,91,0.04655495507642682,0.38884356585562035,0.5416666666666666
702,46,90,0.04655495507642682,0.38884356585562035,0.5416666666666666
703,46,90,0.04655495507642682,0.38884356585562035,0.5416666666666666
704,46,90,0.04655495507642682,0.38884356585562035,0.5416666666666666
705,46,90,0.04655495507642682,0.38884356585562035,0.5416666666666666
706,46,91,0.04655495507642682,0.38884356585562035,0.5416666666666666
707,46,91,0.04655495507642682,0.38884356585562035,0.5416666666666666
708,46,91,0.04655495507642682,0.38884356585562035,0.5416666666666666
709,46,91,0.04655495507642682,0.38884356585562035,0.5416666666666666
710,46,91,0.04655495507642682,0.38884356585562035,0.5416666666666666
711,46,91,0.04655495507642682,0.38884356585562035,0.5416666666666666
712,46,91,0.04655495507642682,0.38884356585562035,0.5416666666666666
713,46,91,0.04655495507642682,0.38884356585562035,0.5416666666666666
714,46,91,0.04655495507642682,0.38884356585562035,0.5416666666666666
715,46,93,0.04655495507642682,0.38884356585562035,0.5416666666666666
716,46,93,0.04655495507642682,0.38884356585562035,0.5416666666666666
717,46,94,0.04655495507642682,0.38884356585562035,0.5416666666666666
718,46,94,0.04655495507642682,0.38884356585562035,0.5416666666666666
719,46,95,0.04655495507642682,0.38884356585562035,0.5416666666666666
720,46,95,0.04655495507642682,0.38884356585562035,0.5416666666666666
721,46,95,0.04655495507642682,0.38884356585562035,0.5416666666666666
722,46,95,0.04655495507642682,0.38884356585562035,0.5416666666666666
723,46,95,0.04655495507642682,0.38884356585562035,0.5416666666666666
724,46,95,0.04655495507642682,0.38884356585562035,0.5416666666666666
725,46,95,0.04655495507642682,0.38884356585562035,0.5416666666666666
726,46,95,0.04655495507642682,0.38884356585562035,0.5416666666666666
727,46,95,0.04655495507642682,0.38884356585562035,0.5416666666666666
728,46,95,0.04655495507642682,0.38884356585562035,0.5416666666666666
729,46,94,0.04529232881380063,0.3787425557546103,0.5404040404040404
730,46,93,0.04529232881380063,0.3787425557546103,0.5404040404040404
731,46,92,0.04529232881380063,0.3787425557546103,0.5404040404040404
732,46,92,0.04529232881380063,0.3787425557546103,0.5404040404040404
733,46,92,0.04529232881380063,0.3787425557546103,0.5404040404040404
734,46,90,0.04529232881380063,0.3787425557546103,0.5404040404040404
735,46,90,0.04529232881380063,0.3787425557546103,0.5404040404040404
736,46,90,0.04529232881380063,0.3787425557546103,0.5404040404040404
737,46,90,0.04529232881380063,0.3787425557546103,0.5404040404040404
738,46,90,0.04529232881380063,0.3787425557546103,0.5404040404040404
739,46,90,0.04529232881380063,0.3787425557546103,0.5404040404040404
740,46,91,0.04402970255117433,0.38884356585562035,0.5391414141414141
741,46,90,0.04402970255117433,0.38884356585562035,0.5391414141414141
742,46,90,0.04402970255117433,0.38884356585562035,0.5391414141414141
743,46,90,0.04402970255117433,0.38884356585562035,0.5391414141414141
744,46,90,0.04402970255117433,0.38884356585562035,0.5391414141414141
745,46,90,0.04402970255117433,0.38884356585562024,0.5391414141414141
746,46,90,0.04402970255117433,0.38884356585562024,0.5391414141414141
747,46,90,0.04402970255117433,0.38884356585562024,0.5391414141414141
748,46,90,0.04402970255117433,0.38884356585562024,0.5391414141414141
749,46,89,0.04024182376329555,0.37912197837493405,0.5353535353535354
750,46,89,0.04024182376329555,0.37912197837493405,0.5353535353535354
751,46,89,0.04024182376329555,0.37912197837493405,0.5353535353535354
752,46,89,0.04024182376329555,0.37912197837493405,0.5353535353535354
753,46,89,0.04024182376329555,0.37912197837493405,0.5353535353535354
754,46,89,0.04024182376329555,0.37912197837493405,0.5353535353535354
755,46,89,0.04024182376329555,0.37912197837493405,0.5353535353535354
756,46,88,0.041504450025921846,0.3892229884759441,0.5366161616161617
757,46,87,0.041504450025921846,0.3892229884759441,0.5366161616161617
758,46,88,0.041504450025921846,0.3892229884759441,0.5366161616161617
759,46,88,0.041504450025921846,0.3892229884759441,0.5366161616161617
760,46,88,0.041504450025921846,0.3892229884759441,0.5366161616161617
761,46,88,0.041504450025921846,0.3892229884759441,0.5366161616161617
762,45,88,0.041504450025921846,0.3892229884759441,0.5366161616161617
763,45,88,0.041504450025921846,0.3892229884759441,0.5366161616161617
764,45,89,0.041504450025921846,0.3892229884759441,0.5366161616161617
765,45,89,0.04024182376329555,0.37912197837493405,0.5353535353535354
766,45,89,0.04024182376329555,0.37912197837493405,0.5353535353535354
767,45,89,0.04024182376329555,0.37912197837493405,0.5353535353535354
768,45,88,0.04024182376329555,0.37912197837493405,0.5353535353535354
769,45,88,0.04024182376329555,0.37912197837493405,0.5353535353535354
770,45,88,0.04024182376329555,0.37912197837493405,0.5353535353535354
771,44,89,0.03897919750066925,0.38922298847594416,0.5340909090909091
772,44,89,0.03897919750066925,0.38922298847594416,0.5340909090909091
773,44,89,0.03897919750066925,0.38922298847594416,0.5340909090909091
774,44,89,0.03897919750066925,0.38922298847594416,0.5340909090909091
775,44,88,0.03897919750066925,0.38922298847594416,0.5340909090909091
776,44,88,0.03897919750066925,0.38922298847594416,0.5340909090909091
777,44,88,0.03897919750066925,0.38922298847594416,0.5340909090909091
778,44,88,0.03897919750066925,0.38922298847594416,0.5340909090909091
779,44,88,0.03897919750066925,0.38922298847594416,0.5340909090909091
780,44,88,0.03897919750066925,0.38922298847594416,0.5340909090909091
781,45,88,0.03897919750066925,0.38922298847594416,0.5340909090909091
782,45,88,0.03897919750066925,0.38922298847594416,0.5340909090909091
783,45,88,0.03897919750066925,0.38922298847594416,0.5340909090909091
784,45,88,0.03897919750066925,0.38922298847594416,0.5340909090909091
785,45,88,0.03897919750066925,0.38922298847594416,0.5340909090909091
786,45,88,0.03897919750066925,0.38922298847594416,0.5340909090909091
787,45,89,0.03897919750066925,0.38922298847594416,0.5340909090909091
788,45,89,0.03897919750066925,0.38922298847594416,0.5340909090909091
789,45,89,0.03897919750066925,0.38922298847594416,0.5340909090909091
790,45,89,0.03897919750066925,0.38922298847594416,0.5340909090909091
791,45,89,0.03897919750066925,0.38922298847594416,0.5340909090909091
792,45,89,0.03897919750066925,0.38922298847594416,0.5340909090909091
793,45,89,0.03897919750066925,0.38922298847594416,0.5340909090909091
794,45,90,0.03897919750066925,0.38922298847594416,0.5340909090909091
795,45,90,0.03897919750066925,0.38922298847594416,0.5340909090909091
796,45,91,0.03897919750066925,0.38922298847594416,0.5340909090909091
797,45,91,0.03897919750066925,0.38922298847594416,0.5340909090909091
798,45,91,0.03897919750066925,0.38922298847594416,0.5340909090909091
799,45,91,0.03897919750066925,0.38922298847594416,0.5340909090909091
800,45,91,0.03897919750066925,0.38922298847594416,0.5340909090909091
801,45,90,0.04024182376329555,0.39932399857695433,0.5353535353535354
802,45,90,0.04024182376329555,0.39932399857695433,0.5353535353535354
803,45,88,0.04024182376329555,0.39932399857695433,0.5353535353535354
804,45,88,0.04024182376329555,0.39932399857695433,0.5353535353535354
805,45,88,0.04024182376329555,0.39932399857695433,0.5353535353535354
806,45,87,0.04024182376329555,0.39932399857695433,0.5353535353535354
807,45,87,0.04024182376329555,0.39932399857695433,0.5353535353535354
808,45,87,0.04024182376329555,0.39932399857695433,0.5353535353535354
809,45,87,0.04024182376329555,0.39932399857695433,0.5353535353535354
810,45,87,0.04024182376329555,0.39932399857695433,0.5353535353535354
811,45,86,0.04024182376329555,0.39932399857695433,0.5353535353535354
812,45,86,0.04024182376329555,0.39932399857695433,0.5353535353535354
813,45,86,0.04024182376329555,0.39932399857695433,0.5353535353535354
814,45,86,0.04024182376329555,0.39932399857695433,0.5353535353535354
815,45,86,0.042767076288548034,0.3993239985769543,0.5378787878787878
816,45,86,0.042767076288548034,0.3993239985769543,0.5378787878787878
817,45,86,0.042767076288548034,0.3993239985769543,0.5378787878787878
818,45,86,0.042767076288548034,0.3993239985769543,0.5378787878787878
819,45,86,0.04402970255117433,0.40942500867796444,0.5391414141414141
820,45,86,0.04402970255117433,0.40942500867796444,0.5391414141414141
821,45,87,0.04402970255117433,0.40942500867796444,0.5391414141414141
822,45,87,0.04402970255117433,0.40942500867796444,0.5391414141414141
823,45,87,0.04402970255117433,0.40942500867796444,0.5391414141414141
824,45,87,0.04402970255117433,0.40942500867796444,0.5391414141414141
825,45,87,0.04402970255117433,0.40942500867796444,0.5391414141414141
826,45,87,0.04402970255117433,0.40942500867796444,0.5391414141414141
827,45,87,0.04402970255117433,0.40942500867796444,0.5391414141414141
828,45,87,0.04402970255117433,0.40942500867796444,0.5391414141414141
829,45,87,0.04402970255117433,0.40942500867796444,0.5391414141414141
830,45,87,0.04402970255117433,0.40942500867796444,0.5391414141414141
831,45,87,0.04402970255117433,0.40942500867796444,0.5391414141414141
832,45,87,0.04402970255117433,0.40942500867796444,0.5391414141414141
833,45,87,0.04402970255117433,0.40942500867796444,0.5391414141414141
834,45,87,0.04402970255117433,0.40942500867796444,0.5391414141414141
835,45,87,0.04402970255117433,0.40942500867796444,0.5391414141414141
836,45,86,0.042767076288548034,0.3993239985769544,0.5378787878787878
837,45,86,0.042767076288548034,0.3993239985769544,0.5378787878787878
838,45,86,0.042767076288548034,0.3993239985769544,0.5378787878787878
839,45,86,0.042767076288548034,0.3993239985769544,0.5378787878787878
840,45,86,0.04402970255117433,0.3892229884759443,0.5391414141414141
841,45,86,0.04402970255117433,0.3892229884759443,0.5391414141414141
842,45,87,0.04402970255117433,0.3892229884759443,0.5391414141414141
843,45,87,0.04402970255117433,0.3892229884759443,0.5391414141414141
844,45,87,0.04402970255117433,0.3892229884759443,0.5391414141414141
845,45,87,0.04402970255117433,0.3892229884759443,0.5391414141414141
846,45,87,0.04402970255117433,0.3892229884759443,0.5391414141414141
847,45,87,0.04402970255117433,0.3892229884759443,0.5391414141414141
848,45,86,0.04402970255117433,0.3892229884759443,0.5391414141414141
849,45,86,0.04402970255117433,0.3892229884759443,0.5391414141414141
850,45,85,0.04402970255117433,0.3892229884759443,0.5391414141414141
851,45,85,0.04402970255117433,0.3892229884759443,0.5391414141414141
852,45,85,0.04402970255117433,0.3892229884759443,0.5391414141414141
853,45,85,0.04402970255117433,0.3892229884759443,0.5391414141414141
854,45,85,0.04402970255117433,0.3892229884759443,0.5391414141414141
855,45,85,0.04402970255117433,0.3892229884759443,0.5391414141414141
856,45,85,0.04402970255117433,0.3892229884759443,0.5391414141414141
857,45,85,0.04402970255117433,0.3892229884759443,0.5391414141414141
858,45,84,0.04402970255117433,0.3892229884759443,0.5391414141414141
859,45,84,0.04402970255117433,0.3892229884759443,0.5391414141414141
860,45,84,0.04402970255117433,0.3892229884759443,0.5391414141414141
861,45,84,0.04402970255117433,0.3892229884759443,0.5391414141414141
862,45,84,0.04402970255117433,0.3892229884759443,0.5391414141414141
863,45,84,0.04402970255117433,0.3892229884759443,0.5391414141414141
864,45,84,0.04402970255117433,0.3892229884759443,0.5391414141414141
865,45,84,0.04402970255117433,0.3892229884759443,0.5391414141414141
866,45,84,0.04402970255117433,0.3892229884759443,0.5391414141414141
867,45,84,0.04402970255117433,0.3892229884759443,0.5391414141414141
868,45,84,0.04402970255117433,0.3892229884759443,0.5391414141414141
869,45,84,0.04402970255117433,0.3892229884759443,0.5391414141414141
870,45,84,0.04402970255117433,0.3892229884759443,0.5391414141414141
871,45,83,0.04402970255117433,0.3892229884759443,0.5391414141414141
872,45,83,0.04402970255117433,0.3892229884759443,0.5391414141414141
873,45,83,0.04402970255117433,0.3892229884759443,0.5391414141414141
874,45,83,0.04402970255117433,0.3892229884759443,0.5391414141414141
875,45,83,0.04402970255117433,0.3892229884759443,0.5391414141414141
876,45,83,0.042767076288548034,0.3791219783749341,0.5378787878787878
877,45,83,0.042767076288548034,0.3791219783749341,0.5378787878787878
878,45,83,0.042767076288548034,0.3791219783749341,0.5378787878787878
879,45,84,0.042767076288548034,0.3791219783749341,0.5378787878787878
880,45,84,0.042767076288548034,0.3791219783749341,0.5378787878787878
881,45,84,0.042767076288548034,0.3791219783749341,0.5378787878787878
882,45,85,0.042767076288548034,0.3791219783749341,0.5378787878787878
883,45,85,0.042767076288548034,0.3791219783749341,0.5378787878787878
884,45,84,0.042767076288548034,0.3791219783749341,0.5378787878787878
885,45,84,0.042767076288548034,0.3791219783749341,0.5378787878787878
886,45,84,0.042767076288548034,0.3791219783749341,0.5378787878787878
887,45,84,0.042767076288548034,0.3791219783749341,0.5378787878787878
888,45,84,0.042767076288548034,0.3791219783749341,0.5378787878787878
889,45,84,0.042767076288548034,0.3791219783749341,0.5378787878787878
890,45,84,0.042767076288548034,0.3791219783749341,0.5378787878787878
891,45,84,0.042767076288548034,0.3791219783749341,0.5378787878787878
892,45,84,0.042767076288548034,0.3791219783749341,0.5378787878787878
893,45,84,0.042767076288548034,0.3791219783749341,0.5378787878787878
894,45,85,0.042767076288548034,0.3791219783749341,0.5378787878787878
895,45,85,0.042767076288548034,0.3791219783749341,0.5378787878787878
896,45,85,0.042767076288548034,0.3791219783749341,0.5378787878787878
897,45,85,0.042767076288548034,0.3791219783749341,0.5378787878787878
898,45,85,0.042767076288548034,0.3791219783749341,0.5378787878787878
899,45,85,0.042767076288548034,0.3791219783749341,0.5378787878787878
900,45,85,0.042767076288548034,0.3791219783749341,0.5378787878787878
901,45,85,0.042767076288548034,0.3791219783749341,0.5378787878787878
902,45,85,0.042767076288548034,0.3791219783749341,0.5378787878787878
903,45,85,0.042767076288548034,0.3791219783749341,0.5378787878787878
904,45,85,0.042767076288548034,0.3791219783749341,0.5378787878787878
905,45,85,0.042767076288548034,0.3791219783749341,0.5378787878787878
906,45,85,0.042767076288548034,0.3791219783749341,0.5378787878787878
907,45,85,0.042767076288548034,0.3791219783749341,0.5378787878787878
908,45,85,0.042767076288548034,0.3791219783749341,0.5378787878787878
909,45,85,0.042767076288548034,0.3791219783749341,0.5378787878787878
910,45,85,0.042767076288548034,0.3791219783749341,0.5378787878787878
911,45,85,0.042767076288548034,0.3791219783749341,0.5378787878787878
912,45,85,0.042767076288548034,0.3791219783749341,0.5378787878787878
913,45,85,0.042767076288548034,0.3791219783749341,0.5378787878787878
914,45,85,0.042767076288548034,0.3791219783749341,0.5378787878787878
915,45,84,0.042767076288548034,0.3791219783749341,0.5378787878787878
916,45,83,0.042767076288548034,0.3791219783749341,0.5378787878787878
917,45,83,0.042767076288548034,0.3791219783749341,0.5378787878787878
918,45,83,0.042767076288548034,0.3791219783749341,0.5378787878787878
919,45,83,0.042767076288548034,0.3791219783749341,0.5378787878787878
920,45,83,0.042767076288548034,0.3791219783749341,0.5378787878787878
921,45,83,0.042767076288548034,0.3791219783749341,0.5378787878787878
922,45,83,0.042767076288548034,0.3791219783749341,0.5378787878787878
923,45,83,0.042767076288548034,0.3791219783749341,0.5378787878787878
924,45,83,0.042767076288548034,0.3791219783749341,0.5378787878787878
925,45,85,0.042767076288548034,0.3791219783749341,0.5378787878787878
926,45,85,0.042767076288548034,0.3791219783749341,0.5378787878787878
927,45,85,0.042767076288548034,0.3791219783749341,0.5378787878787878
928,45,85,0.042767076288548034,0.3791219783749341,0.5378787878787878
929,45,85,0.042767076288548034,0.3791219783749341,0.5378787878787878
930,45,85,0.042767076288548034,0.3791219783749341,0.5378787878787878
931,45,85,0.042767076288548034,0.3791219783749341,0.5378787878787878
932,45,85,0.042767076288548034,0.3791219783749341,0.5378787878787878
933,45,85,0.042767076288548034,0.3791219783749341,0.5378787878787878
934,45,85,0.042767076288548034,0.3791219783749341,0.5378787878787878
935,45,85,0.042767076288548034,0.3791219783749341,0.5378787878787878
936,45,85,0.042767076288548034,0.3791219783749341,0.5378787878787878
937,45,85,0.042767076288548034,0.3791219783749341,0.5378787878787878
938,45,85,0.042767076288548034,0.3791219783749341,0.5378787878787878
939,45,85,0.042767076288548034,0.3791219783749341,0.5378787878787878
940,45,85,0.042767076288548034,0.3791219783749341,0.5378787878787878
941,45,84,0.042767076288548034,0.3791219783749341,0.5378787878787878
942,45,84,0.042767076288548034,0.3791219783749341,0.5378787878787878
943,45,84,0.042767076288548034,0.3791219783749341,0.5378787878787878
944,45,84,0.042767076288548034,0.3791219783749341,0.5378787878787878
945,45,84,0.042767076288548034,0.3791219783749341,0.5378787878787878
946,45,82,0.042767076288548034,0.3791219783749341,0.5378787878787878
947,45,82,0.041504450025921846,0.3892229884759442,0.5366161616161617
948,45,80,0.041504450025921846,0.3892229884759442,0.5366161616161617
949,45,80,0.041504450025921846,0.3892229884759442,0.5366161616161617
950,45,80,0.041504450025921846,0.3892229884759442,0.5366161616161617
951,45,82,0.041504450025921846,0.3892229884759442,0.5366161616161617
952,45,82,0.041504450025921846,0.3892229884759442,0.5366161616161617
953,45,82,0.041504450025921846,0.3892229884759442,0.5366161616161617
954,45,82,0.041504450025921846,0.3892229884759442,0.5366161616161617
955,45,82,0.041504450025921846,0.3892229884759442,0.5366161616161617
956,45,82,0.041504450025921846,0.3892229884759442,0.5366161616161617
957,45,82,0.041504450025921846,0.3892229884759442,0.5366161616161617
958,45,82,0.041504450025921846,0.3892229884759442,0.5366161616161617
959,45,82,0.041504450025921846,0.3892229884759442,0.5366161616161617
960,45,82,0.041504450025921846,0.3892229884759442,0.5366161616161617
961,46,82,0.041504450025921846,0.3892229884759442,0.5366161616161617
962,46,82,0.041504450025921846,0.3892229884759442,0.5366161616161617
963,46,82,0.041504450025921846,0.3892229884759442,0.5366161616161617
964,46,82,0.041504450025921846,0.3892229884759442,0.5366161616161617
965,46,82,0.041504450025921846,0.3892229884759442,0.5366161616161617
966,46,82,0.041504450025921846,0.3892229884759442,0.5366161616161617
967,46,81,0.041504450025921846,0.3892229884759442,0.5366161616161617
968,46,81,0.041504450025921846,0.3892229884759442,0.5366161616161617
969,46,81,0.041504450025921846,0.3892229884759442,0.5366161616161617
970,46,81,0.041504450025921846,0.3892229884759442,0.5366161616161617
971,46,81,0.041504450025921846,0.3892229884759442,0.5366161616161617
972,46,81,0.041504450025921846,0.3892229884759442,0.5366161616161617
973,46,81,0.041504450025921846,0.3892229884759442,0.5366161616161617
974,46,81,0.041504450025921846,0.3892229884759442,0.5366161616161617
975,46,81,0.04024182376329555,0.39932399857695433,0.5353535353535354
976,46,81,0.04024182376329555,0.39932399857695433,0.5353535353535354
977,46,81,0.04024182376329555,0.39932399857695433,0.5353535353535354
978,46,81,0.04024182376329555,0.39932399857695433,0.5353535353535354
979,46,80,0.03897919750066925,0.3892229884759443,0.5340909090909091
980,46,80,0.03897919750066925,0.3892229884759443,0.5340909090909091
981,46,80,0.03897919750066925,0.3892229884759443,0.5340909090909091
982,46,80,0.03897919750066925,0.3892229884759443,0.5340909090909091
983,46,80,0.03897919750066925,0.3892229884759443,0.5340909090909091
984,46,81,0.03897919750066925,0.3892229884759443,0.5340909090909091
985,46,81,0.03897919750066925,0.3892229884759443,0.5340909090909091
986,46,81,0.03897919750066925,0.3892229884759443,0.5340909090909091
987,46,81,0.03897919750066925,0.3892229884759443,0.5340909090909091
988,46,81,0.03897919750066925,0.3892229884759443,0.5340909090909091
989,46,81,0.03897919750066925,0.3892229884759443,0.5340909090909091
990,46,81,0.03897919750066925,0.3892229884759443,0.5340909090909091
991,46,81,0.03897919750066925,0.3892229884759443,0.5340909090909091
992,46,81,0.03897919750066925,0.3892229884759443,0.5340909090909091
993,46,81,0.03771657123804306,0.3791219783749342,0.5328282828282829
994,46,81,0.03771657123804306,0.3791219783749342,0.5328282828282829
995,46,81,0.03771657123804306,0.3791219783749342,0.5328282828282829
996,46,81,0.03771657123804306,0.3791219783749342,0.5328282828282829
997,46,81,0.03771657123804306,0.3791219783749342,0.5328282828282829
998,46,82,0.03771657123804306,0.3791219783749342,0.5328282828282829
999,46,82,0.03771657123804306,0.3791219783749342,0.5328282828282829
